community_id;topic;name
-10000000;Музыка;Музыка • паблик #1
-10000001;Политика;Политика • паблик #2
-10000002;Путешествия;Путешествия • паблик #3
-10000003;ЗОЖ;ЗОЖ • паблик #4
-10000004;ЗОЖ;ЗОЖ • паблик #5
-10000005;Кино;Кино • паблик #6
-10000006;Музыка;Музыка • паблик #7
-10000007;Психология;Психология • паблик #8
-10000008;Юмор;Юмор • паблик #9
-10000009;Искусство;Искусство • паблик #10
-10000010;Бизнес;Бизнес • паблик #11
-10000011;Новости;Новости • паблик #12
-10000012;Политика;Политика • паблик #13
-10000013;Юмор;Юмор • паблик #14
-10000014;Спорт;Спорт • паблик #15
-10000015;ЗОЖ;ЗОЖ • паблик #16
-10000016;Кулинария;Кулинария • паблик #17
-10000017;Книги;Книги • паблик #18
-10000018;Политика;Политика • паблик #19
-10000019;Психология;Психология • паблик #20
-10000020;Спорт;Спорт • паблик #21
-10000021;Психология;Психология • паблик #22
-10000022;Бизнес;Бизнес • паблик #23
-10000023;ЗОЖ;ЗОЖ • паблик #24
-10000024;Авто;Авто • паблик #25
-10000025;Искусство;Искусство • паблик #26
-10000026;Путешествия;Путешествия • паблик #27
-10000027;Политика;Политика • паблик #28
-10000028;Игры;Игры • паблик #29
-10000029;Бизнес;Бизнес • паблик #30
-10000030;Образование;Образование • паблик #31
-10000031;Путешествия;Путешествия • паблик #32
-10000032;Кино;Кино • паблик #33
-10000033;Спорт;Спорт • паблик #34
-10000034;Образование;Образование • паблик #35
-10000035;Музыка;Музыка • паблик #36
-10000036;Юмор;Юмор • паблик #37
-10000037;Финансы;Финансы • паблик #38
-10000038;Музыка;Музыка • паблик #39
-10000039;IT;IT • паблик #40
-10000040;IT;IT • паблик #41
-10000041;Книги;Книги • паблик #42
-10000042;Путешествия;Путешествия • паблик #43
-10000043;Новости;Новости • паблик #44
-10000044;Авто;Авто • паблик #45
-10000045;Психология;Психология • паблик #46
-10000046;Музыка;Музыка • паблик #47
-10000047;Финансы;Финансы • паблик #48
-10000048;Юмор;Юмор • паблик #49
-10000049;Психология;Психология • паблик #50
-10000050;Наука;Наука • паблик #51
-10000051;Книги;Книги • паблик #52
-10000052;IT;IT • паблик #53
-10000053;Искусство;Искусство • паблик #54
-10000054;Спорт;Спорт • паблик #55
-10000055;Юмор;Юмор • паблик #56
-10000056;Новости;Новости • паблик #57
-10000057;ЗОЖ;ЗОЖ • паблик #58
-10000058;Наука;Наука • паблик #59
-10000059;Юмор;Юмор • паблик #60
-10000060;ЗОЖ;ЗОЖ • паблик #61
-10000061;Музыка;Музыка • паблик #62
-10000062;Финансы;Финансы • паблик #63
-10000063;Путешествия;Путешествия • паблик #64
-10000064;Авто;Авто • паблик #65
-10000065;IT;IT • паблик #66
-10000066;Игры;Игры • паблик #67
-10000067;IT;IT • паблик #68
-10000068;IT;IT • паблик #69
-10000069;Спорт;Спорт • паблик #70
-10000070;Путешествия;Путешествия • паблик #71
-10000071;Юмор;Юмор • паблик #72
-10000072;Книги;Книги • паблик #73
-10000073;Игры;Игры • паблик #74
-10000074;Психология;Психология • паблик #75
-10000075;ЗОЖ;ЗОЖ • паблик #76
-10000076;Игры;Игры • паблик #77
-10000077;Авто;Авто • паблик #78
-10000078;Финансы;Финансы • паблик #79
-10000079;Путешествия;Путешествия • паблик #80
-10000080;Психология;Психология • паблик #81
-10000081;ЗОЖ;ЗОЖ • паблик #82
-10000082;Образование;Образование • паблик #83
-10000083;Новости;Новости • паблик #84
-10000084;ЗОЖ;ЗОЖ • паблик #85
-10000085;Новости;Новости • паблик #86
-10000086;Образование;Образование • паблик #87
-10000087;Финансы;Финансы • паблик #88
-10000088;Путешествия;Путешествия • паблик #89
-10000089;Юмор;Юмор • паблик #90
-10000090;Спорт;Спорт • паблик #91
-10000091;Искусство;Искусство • паблик #92
-10000092;Образование;Образование • паблик #93
-10000093;Спорт;Спорт • паблик #94
-10000094;Мода;Мода • паблик #95
-10000095;Финансы;Финансы • паблик #96
-10000096;Авто;Авто • паблик #97
-10000097;Кино;Кино • паблик #98
-10000098;Путешествия;Путешествия • паблик #99
-10000099;Кино;Кино • паблик #100
-10000100;ЗОЖ;ЗОЖ • паблик #101
-10000101;Психология;Психология • паблик #102
-10000102;Психология;Психология • паблик #103
-10000103;Путешествия;Путешествия • паблик #104
-10000104;Искусство;Искусство • паблик #105
-10000105;Бизнес;Бизнес • паблик #106
-10000106;Искусство;Искусство • паблик #107
-10000107;Финансы;Финансы • паблик #108
-10000108;IT;IT • паблик #109
-10000109;ЗОЖ;ЗОЖ • паблик #110
-10000110;Кино;Кино • паблик #111
-10000111;Кулинария;Кулинария • паблик #112
-10000112;Мода;Мода • паблик #113
-10000113;Юмор;Юмор • паблик #114
-10000114;Новости;Новости • паблик #115
-10000115;Музыка;Музыка • паблик #116
-10000116;Кино;Кино • паблик #117
-10000117;Игры;Игры • паблик #118
-10000118;Бизнес;Бизнес • паблик #119
-10000119;Книги;Книги • паблик #120
-10000120;Юмор;Юмор • паблик #121
-10000121;Финансы;Финансы • паблик #122
-10000122;Финансы;Финансы • паблик #123
-10000123;Книги;Книги • паблик #124
-10000124;Авто;Авто • паблик #125
-10000125;Кулинария;Кулинария • паблик #126
-10000126;Путешествия;Путешествия • паблик #127
-10000127;Психология;Психология • паблик #128
-10000128;Политика;Политика • паблик #129
-10000129;Музыка;Музыка • паблик #130
-10000130;Психология;Психология • паблик #131
-10000131;Путешествия;Путешествия • паблик #132
-10000132;Образование;Образование • паблик #133
-10000133;Музыка;Музыка • паблик #134
-10000134;Наука;Наука • паблик #135
-10000135;Бизнес;Бизнес • паблик #136
-10000136;Игры;Игры • паблик #137
-10000137;Авто;Авто • паблик #138
-10000138;Политика;Политика • паблик #139
-10000139;Путешествия;Путешествия • паблик #140
-10000140;Кулинария;Кулинария • паблик #141
-10000141;Игры;Игры • паблик #142
-10000142;Кулинария;Кулинария • паблик #143
-10000143;Музыка;Музыка • паблик #144
-10000144;Наука;Наука • паблик #145
-10000145;Кулинария;Кулинария • паблик #146
-10000146;Книги;Книги • паблик #147
-10000147;Спорт;Спорт • паблик #148
-10000148;Кино;Кино • паблик #149
-10000149;IT;IT • паблик #150
-10000150;Игры;Игры • паблик #151
-10000151;Психология;Психология • паблик #152
-10000152;Кулинария;Кулинария • паблик #153
-10000153;Политика;Политика • паблик #154
-10000154;Книги;Книги • паблик #155
-10000155;Образование;Образование • паблик #156
-10000156;Мода;Мода • паблик #157
-10000157;Политика;Политика • паблик #158
-10000158;Музыка;Музыка • паблик #159
-10000159;IT;IT • паблик #160
-10000160;Наука;Наука • паблик #161
-10000161;ЗОЖ;ЗОЖ • паблик #162
-10000162;Новости;Новости • паблик #163
-10000163;ЗОЖ;ЗОЖ • паблик #164
-10000164;Искусство;Искусство • паблик #165
-10000165;Юмор;Юмор • паблик #166
-10000166;Юмор;Юмор • паблик #167
-10000167;Мода;Мода • паблик #168
-10000168;Юмор;Юмор • паблик #169
-10000169;Психология;Психология • паблик #170
-10000170;Кино;Кино • паблик #171
-10000171;Кино;Кино • паблик #172
-10000172;Мода;Мода • паблик #173
-10000173;Психология;Психология • паблик #174
-10000174;Игры;Игры • паблик #175
-10000175;Путешествия;Путешествия • паблик #176
-10000176;Кулинария;Кулинария • паблик #177
-10000177;Книги;Книги • паблик #178
-10000178;Бизнес;Бизнес • паблик #179
-10000179;Спорт;Спорт • паблик #180
-10000180;Психология;Психология • паблик #181
-10000181;Спорт;Спорт • паблик #182
-10000182;Наука;Наука • паблик #183
-10000183;Финансы;Финансы • паблик #184
-10000184;IT;IT • паблик #185
-10000185;Авто;Авто • паблик #186
-10000186;Кулинария;Кулинария • паблик #187
-10000187;Авто;Авто • паблик #188
-10000188;Музыка;Музыка • паблик #189
-10000189;ЗОЖ;ЗОЖ • паблик #190
-10000190;ЗОЖ;ЗОЖ • паблик #191
-10000191;Юмор;Юмор • паблик #192
-10000192;Образование;Образование • паблик #193
-10000193;Политика;Политика • паблик #194
-10000194;Искусство;Искусство • паблик #195
-10000195;Психология;Психология • паблик #196
-10000196;ЗОЖ;ЗОЖ • паблик #197
-10000197;Искусство;Искусство • паблик #198
-10000198;ЗОЖ;ЗОЖ • паблик #199
-10000199;Политика;Политика • паблик #200
-10000200;Юмор;Юмор • паблик #201
-10000201;Новости;Новости • паблик #202
-10000202;ЗОЖ;ЗОЖ • паблик #203
-10000203;Юмор;Юмор • паблик #204
-10000204;Новости;Новости • паблик #205
-10000205;Образование;Образование • паблик #206
-10000206;Юмор;Юмор • паблик #207
-10000207;Кулинария;Кулинария • паблик #208
-10000208;ЗОЖ;ЗОЖ • паблик #209
-10000209;Путешествия;Путешествия • паблик #210
-10000210;Мода;Мода • паблик #211
-10000211;Спорт;Спорт • паблик #212
-10000212;Психология;Психология • паблик #213
-10000213;Кино;Кино • паблик #214
-10000214;Искусство;Искусство • паблик #215
-10000215;Искусство;Искусство • паблик #216
-10000216;Мода;Мода • паблик #217
-10000217;ЗОЖ;ЗОЖ • паблик #218
-10000218;Мода;Мода • паблик #219
-10000219;Бизнес;Бизнес • паблик #220
-10000220;Спорт;Спорт • паблик #221
-10000221;Музыка;Музыка • паблик #222
-10000222;Музыка;Музыка • паблик #223
-10000223;Бизнес;Бизнес • паблик #224
-10000224;IT;IT • паблик #225
-10000225;Бизнес;Бизнес • паблик #226
-10000226;Бизнес;Бизнес • паблик #227
-10000227;Авто;Авто • паблик #228
-10000228;Новости;Новости • паблик #229
-10000229;Музыка;Музыка • паблик #230
-10000230;Новости;Новости • паблик #231
-10000231;Финансы;Финансы • паблик #232
-10000232;Образование;Образование • паблик #233
-10000233;Музыка;Музыка • паблик #234
-10000234;ЗОЖ;ЗОЖ • паблик #235
-10000235;Спорт;Спорт • паблик #236
-10000236;Спорт;Спорт • паблик #237
-10000237;Психология;Психология • паблик #238
-10000238;Авто;Авто • паблик #239
-10000239;Кино;Кино • паблик #240
-10000240;Бизнес;Бизнес • паблик #241
-10000241;Игры;Игры • паблик #242
-10000242;Путешествия;Путешествия • паблик #243
-10000243;Авто;Авто • паблик #244
-10000244;ЗОЖ;ЗОЖ • паблик #245
-10000245;Юмор;Юмор • паблик #246
-10000246;Авто;Авто • паблик #247
-10000247;Психология;Психология • паблик #248
-10000248;Музыка;Музыка • паблик #249
-10000249;Новости;Новости • паблик #250
-10000250;Психология;Психология • паблик #251
-10000251;Политика;Политика • паблик #252
-10000252;Юмор;Юмор • паблик #253
-10000253;ЗОЖ;ЗОЖ • паблик #254
-10000254;Игры;Игры • паблик #255
-10000255;Бизнес;Бизнес • паблик #256
-10000256;Мода;Мода • паблик #257
-10000257;Мода;Мода • паблик #258
-10000258;Спорт;Спорт • паблик #259
-10000259;Финансы;Финансы • паблик #260
-10000260;Новости;Новости • паблик #261
-10000261;Игры;Игры • паблик #262
-10000262;Финансы;Финансы • паблик #263
-10000263;Политика;Политика • паблик #264
-10000264;Финансы;Финансы • паблик #265
-10000265;Путешествия;Путешествия • паблик #266
-10000266;Авто;Авто • паблик #267
-10000267;Наука;Наука • паблик #268
-10000268;Бизнес;Бизнес • паблик #269
-10000269;Психология;Психология • паблик #270
-10000270;Мода;Мода • паблик #271
-10000271;Кино;Кино • паблик #272
-10000272;Спорт;Спорт • паблик #273
-10000273;Наука;Наука • паблик #274
-10000274;Спорт;Спорт • паблик #275
-10000275;Новости;Новости • паблик #276
-10000276;Искусство;Искусство • паблик #277
-10000277;Психология;Психология • паблик #278
-10000278;Новости;Новости • паблик #279
-10000279;Образование;Образование • паблик #280
-10000280;Новости;Новости • паблик #281
-10000281;Новости;Новости • паблик #282
-10000282;Искусство;Искусство • паблик #283
-10000283;Мода;Мода • паблик #284
-10000284;Кулинария;Кулинария • паблик #285
-10000285;Кулинария;Кулинария • паблик #286
-10000286;Игры;Игры • паблик #287
-10000287;Новости;Новости • паблик #288
-10000288;Кулинария;Кулинария • паблик #289
-10000289;Юмор;Юмор • паблик #290
-10000290;Игры;Игры • паблик #291
-10000291;Юмор;Юмор • паблик #292
-10000292;Книги;Книги • паблик #293
-10000293;Юмор;Юмор • паблик #294
-10000294;ЗОЖ;ЗОЖ • паблик #295
-10000295;Финансы;Финансы • паблик #296
-10000296;Музыка;Музыка • паблик #297
-10000297;Искусство;Искусство • паблик #298
-10000298;ЗОЖ;ЗОЖ • паблик #299
-10000299;Искусство;Искусство • паблик #300
-10000300;Книги;Книги • паблик #301
-10000301;Новости;Новости • паблик #302
-10000302;Книги;Книги • паблик #303
-10000303;Юмор;Юмор • паблик #304
-10000304;Бизнес;Бизнес • паблик #305
-10000305;Искусство;Искусство • паблик #306
-10000306;Искусство;Искусство • паблик #307
-10000307;Кулинария;Кулинария • паблик #308
-10000308;Образование;Образование • паблик #309
-10000309;Путешествия;Путешествия • паблик #310
-10000310;Спорт;Спорт • паблик #311
-10000311;Образование;Образование • паблик #312
-10000312;ЗОЖ;ЗОЖ • паблик #313
-10000313;Путешествия;Путешествия • паблик #314
-10000314;Финансы;Финансы • паблик #315
-10000315;Кино;Кино • паблик #316
-10000316;Наука;Наука • паблик #317
-10000317;Авто;Авто • паблик #318
-10000318;Образование;Образование • паблик #319
-10000319;Юмор;Юмор • паблик #320
-10000320;Политика;Политика • паблик #321
-10000321;Авто;Авто • паблик #322
-10000322;Книги;Книги • паблик #323
-10000323;Искусство;Искусство • паблик #324
-10000324;Музыка;Музыка • паблик #325
-10000325;Юмор;Юмор • паблик #326
-10000326;Психология;Психология • паблик #327
-10000327;Спорт;Спорт • паблик #328
-10000328;Кулинария;Кулинария • паблик #329
-10000329;Путешествия;Путешествия • паблик #330
-10000330;Кино;Кино • паблик #331
-10000331;IT;IT • паблик #332
-10000332;Юмор;Юмор • паблик #333
-10000333;ЗОЖ;ЗОЖ • паблик #334
-10000334;IT;IT • паблик #335
-10000335;Наука;Наука • паблик #336
-10000336;Игры;Игры • паблик #337
-10000337;Авто;Авто • паблик #338
-10000338;Психология;Психология • паблик #339
-10000339;Наука;Наука • паблик #340
-10000340;Книги;Книги • паблик #341
-10000341;Кулинария;Кулинария • паблик #342
-10000342;Политика;Политика • паблик #343
-10000343;Психология;Психология • паблик #344
-10000344;Наука;Наука • паблик #345
-10000345;Музыка;Музыка • паблик #346
-10000346;Кино;Кино • паблик #347
-10000347;Путешествия;Путешествия • паблик #348
-10000348;Музыка;Музыка • паблик #349
-10000349;Музыка;Музыка • паблик #350
-10000350;Психология;Психология • паблик #351
-10000351;Кино;Кино • паблик #352
-10000352;Путешествия;Путешествия • паблик #353
-10000353;Наука;Наука • паблик #354
-10000354;Книги;Книги • паблик #355
-10000355;Спорт;Спорт • паблик #356
-10000356;Образование;Образование • паблик #357
-10000357;Спорт;Спорт • паблик #358
-10000358;Путешествия;Путешествия • паблик #359
-10000359;Кулинария;Кулинария • паблик #360
-10000360;Мода;Мода • паблик #361
-10000361;Путешествия;Путешествия • паблик #362
-10000362;Новости;Новости • паблик #363
-10000363;Юмор;Юмор • паблик #364
-10000364;Бизнес;Бизнес • паблик #365
-10000365;Путешествия;Путешествия • паблик #366
-10000366;Новости;Новости • паблик #367
-10000367;Политика;Политика • паблик #368
-10000368;Образование;Образование • паблик #369
-10000369;Кино;Кино • паблик #370
-10000370;Путешествия;Путешествия • паблик #371
-10000371;Игры;Игры • паблик #372
-10000372;Авто;Авто • паблик #373
-10000373;Психология;Психология • паблик #374
-10000374;Бизнес;Бизнес • паблик #375
-10000375;Психология;Психология • паблик #376
-10000376;Политика;Политика • паблик #377
-10000377;Музыка;Музыка • паблик #378
-10000378;Юмор;Юмор • паблик #379
-10000379;Кино;Кино • паблик #380
-10000380;Психология;Психология • паблик #381
-10000381;Новости;Новости • паблик #382
-10000382;IT;IT • паблик #383
-10000383;Искусство;Искусство • паблик #384
-10000384;Психология;Психология • паблик #385
-10000385;Кино;Кино • паблик #386
-10000386;Бизнес;Бизнес • паблик #387
-10000387;Кино;Кино • паблик #388
-10000388;Новости;Новости • паблик #389
-10000389;Наука;Наука • паблик #390
-10000390;IT;IT • паблик #391
-10000391;Новости;Новости • паблик #392
-10000392;IT;IT • паблик #393
-10000393;Спорт;Спорт • паблик #394
-10000394;ЗОЖ;ЗОЖ • паблик #395
-10000395;Музыка;Музыка • паблик #396
-10000396;IT;IT • паблик #397
-10000397;Психология;Психология • паблик #398
-10000398;Бизнес;Бизнес • паблик #399
-10000399;Книги;Книги • паблик #400
-10000400;Кино;Кино • паблик #401
-10000401;ЗОЖ;ЗОЖ • паблик #402
-10000402;Игры;Игры • паблик #403
-10000403;Игры;Игры • паблик #404
-10000404;Бизнес;Бизнес • паблик #405
-10000405;Политика;Политика • паблик #406
-10000406;Игры;Игры • паблик #407
-10000407;Образование;Образование • паблик #408
-10000408;Бизнес;Бизнес • паблик #409
-10000409;ЗОЖ;ЗОЖ • паблик #410
-10000410;Путешествия;Путешествия • паблик #411
-10000411;Игры;Игры • паблик #412
-10000412;Музыка;Музыка • паблик #413
-10000413;Финансы;Финансы • паблик #414
-10000414;Новости;Новости • паблик #415
-10000415;Мода;Мода • паблик #416
-10000416;ЗОЖ;ЗОЖ • паблик #417
-10000417;Спорт;Спорт • паблик #418
-10000418;Авто;Авто • паблик #419
-10000419;IT;IT • паблик #420
-10000420;Наука;Наука • паблик #421
-10000421;ЗОЖ;ЗОЖ • паблик #422
-10000422;ЗОЖ;ЗОЖ • паблик #423
-10000423;Политика;Политика • паблик #424
-10000424;Спорт;Спорт • паблик #425
-10000425;Финансы;Финансы • паблик #426
-10000426;Образование;Образование • паблик #427
-10000427;Путешествия;Путешествия • паблик #428
-10000428;Юмор;Юмор • паблик #429
-10000429;Путешествия;Путешествия • паблик #430
-10000430;IT;IT • паблик #431
-10000431;Кулинария;Кулинария • паблик #432
-10000432;Финансы;Финансы • паблик #433
-10000433;Психология;Психология • паблик #434
-10000434;Образование;Образование • паблик #435
-10000435;Политика;Политика • паблик #436
-10000436;Музыка;Музыка • паблик #437
-10000437;Путешествия;Путешествия • паблик #438
-10000438;Игры;Игры • паблик #439
-10000439;Искусство;Искусство • паблик #440
-10000440;Путешествия;Путешествия • паблик #441
-10000441;Новости;Новости • паблик #442
-10000442;Музыка;Музыка • паблик #443
-10000443;Книги;Книги • паблик #444
-10000444;Бизнес;Бизнес • паблик #445
-10000445;IT;IT • паблик #446
-10000446;Образование;Образование • паблик #447
-10000447;Бизнес;Бизнес • паблик #448
-10000448;Книги;Книги • паблик #449
-10000449;Кулинария;Кулинария • паблик #450
-10000450;Музыка;Музыка • паблик #451
-10000451;Финансы;Финансы • паблик #452
-10000452;Искусство;Искусство • паблик #453
-10000453;Спорт;Спорт • паблик #454
-10000454;Путешествия;Путешествия • паблик #455
-10000455;Новости;Новости • паблик #456
-10000456;Бизнес;Бизнес • паблик #457
-10000457;Политика;Политика • паблик #458
-10000458;Кулинария;Кулинария • паблик #459
-10000459;Психология;Психология • паблик #460
-10000460;Спорт;Спорт • паблик #461
-10000461;IT;IT • паблик #462
-10000462;Бизнес;Бизнес • паблик #463
-10000463;Юмор;Юмор • паблик #464
-10000464;Образование;Образование • паблик #465
-10000465;Книги;Книги • паблик #466
-10000466;Образование;Образование • паблик #467
-10000467;Музыка;Музыка • паблик #468
-10000468;Наука;Наука • паблик #469
-10000469;Кулинария;Кулинария • паблик #470
-10000470;Наука;Наука • паблик #471
-10000471;Бизнес;Бизнес • паблик #472
-10000472;Образование;Образование • паблик #473
-10000473;Финансы;Финансы • паблик #474
-10000474;Наука;Наука • паблик #475
-10000475;Психология;Психология • паблик #476
-10000476;Кино;Кино • паблик #477
-10000477;Спорт;Спорт • паблик #478
-10000478;Бизнес;Бизнес • паблик #479
-10000479;Финансы;Финансы • паблик #480
-10000480;Игры;Игры • паблик #481
-10000481;Книги;Книги • паблик #482
-10000482;Искусство;Искусство • паблик #483
-10000483;Наука;Наука • паблик #484
-10000484;Финансы;Финансы • паблик #485
-10000485;Психология;Психология • паблик #486
-10000486;Политика;Политика • паблик #487
-10000487;Наука;Наука • паблик #488
-10000488;Наука;Наука • паблик #489
-10000489;Спорт;Спорт • паблик #490
-10000490;Бизнес;Бизнес • паблик #491
-10000491;Искусство;Искусство • паблик #492
-10000492;Книги;Книги • паблик #493
-10000493;Образование;Образование • паблик #494
-10000494;Авто;Авто • паблик #495
-10000495;Авто;Авто • паблик #496
-10000496;Авто;Авто • паблик #497
-10000497;Спорт;Спорт • паблик #498
-10000498;Кулинария;Кулинария • паблик #499
-10000499;Мода;Мода • паблик #500
-10000500;Игры;Игры • паблик #501
-10000501;Юмор;Юмор • паблик #502
-10000502;Наука;Наука • паблик #503
-10000503;Кулинария;Кулинария • паблик #504
-10000504;Книги;Книги • паблик #505
-10000505;Образование;Образование • паблик #506
-10000506;Юмор;Юмор • паблик #507
-10000507;ЗОЖ;ЗОЖ • паблик #508
-10000508;Наука;Наука • паблик #509
-10000509;ЗОЖ;ЗОЖ • паблик #510
-10000510;Спорт;Спорт • паблик #511
-10000511;Кино;Кино • паблик #512
-10000512;Политика;Политика • паблик #513
-10000513;Новости;Новости • паблик #514
-10000514;ЗОЖ;ЗОЖ • паблик #515
-10000515;Мода;Мода • паблик #516
-10000516;Книги;Книги • паблик #517
-10000517;Юмор;Юмор • паблик #518
-10000518;Авто;Авто • паблик #519
-10000519;Бизнес;Бизнес • паблик #520
-10000520;Искусство;Искусство • паблик #521
-10000521;Спорт;Спорт • паблик #522
-10000522;Финансы;Финансы • паблик #523
-10000523;Мода;Мода • паблик #524
-10000524;Финансы;Финансы • паблик #525
-10000525;ЗОЖ;ЗОЖ • паблик #526
-10000526;Кино;Кино • паблик #527
-10000527;Политика;Политика • паблик #528
-10000528;Музыка;Музыка • паблик #529
-10000529;Бизнес;Бизнес • паблик #530
-10000530;ЗОЖ;ЗОЖ • паблик #531
-10000531;Игры;Игры • паблик #532
-10000532;Кулинария;Кулинария • паблик #533
-10000533;Авто;Авто • паблик #534
-10000534;Новости;Новости • паблик #535
-10000535;Психология;Психология • паблик #536
-10000536;ЗОЖ;ЗОЖ • паблик #537
-10000537;Музыка;Музыка • паблик #538
-10000538;Авто;Авто • паблик #539
-10000539;Кино;Кино • паблик #540
-10000540;Авто;Авто • паблик #541
-10000541;Кулинария;Кулинария • паблик #542
-10000542;Психология;Психология • паблик #543
-10000543;Книги;Книги • паблик #544
-10000544;Образование;Образование • паблик #545
-10000545;Авто;Авто • паблик #546
-10000546;Книги;Книги • паблик #547
-10000547;Кулинария;Кулинария • паблик #548
-10000548;Бизнес;Бизнес • паблик #549
-10000549;Психология;Психология • паблик #550
-10000550;Авто;Авто • паблик #551
-10000551;Игры;Игры • паблик #552
-10000552;Мода;Мода • паблик #553
-10000553;Авто;Авто • паблик #554
-10000554;Путешествия;Путешествия • паблик #555
-10000555;ЗОЖ;ЗОЖ • паблик #556
-10000556;Путешествия;Путешествия • паблик #557
-10000557;Кулинария;Кулинария • паблик #558
-10000558;Мода;Мода • паблик #559
-10000559;ЗОЖ;ЗОЖ • паблик #560
-10000560;Путешествия;Путешествия • паблик #561
-10000561;Авто;Авто • паблик #562
-10000562;Юмор;Юмор • паблик #563
-10000563;Наука;Наука • паблик #564
-10000564;ЗОЖ;ЗОЖ • паблик #565
-10000565;Путешествия;Путешествия • паблик #566
-10000566;Образование;Образование • паблик #567
-10000567;Образование;Образование • паблик #568
-10000568;Психология;Психология • паблик #569
-10000569;Юмор;Юмор • паблик #570
-10000570;Кино;Кино • паблик #571
-10000571;Кино;Кино • паблик #572
-10000572;ЗОЖ;ЗОЖ • паблик #573
-10000573;Финансы;Финансы • паблик #574
-10000574;Кино;Кино • паблик #575
-10000575;Спорт;Спорт • паблик #576
-10000576;Юмор;Юмор • паблик #577
-10000577;Бизнес;Бизнес • паблик #578
-10000578;Бизнес;Бизнес • паблик #579
-10000579;Образование;Образование • паблик #580
-10000580;Психология;Психология • паблик #581
-10000581;Авто;Авто • паблик #582
-10000582;Бизнес;Бизнес • паблик #583
-10000583;Новости;Новости • паблик #584
-10000584;Спорт;Спорт • паблик #585
-10000585;Бизнес;Бизнес • паблик #586
-10000586;Финансы;Финансы • паблик #587
-10000587;Искусство;Искусство • паблик #588
-10000588;Политика;Политика • паблик #589
-10000589;Искусство;Искусство • паблик #590
-10000590;Финансы;Финансы • паблик #591
-10000591;Мода;Мода • паблик #592
-10000592;Политика;Политика • паблик #593
-10000593;IT;IT • паблик #594
-10000594;Наука;Наука • паблик #595
-10000595;Финансы;Финансы • паблик #596
-10000596;Бизнес;Бизнес • паблик #597
-10000597;Психология;Психология • паблик #598
-10000598;Психология;Психология • паблик #599
-10000599;Книги;Книги • паблик #600
-10000600;ЗОЖ;ЗОЖ • паблик #601
-10000601;Мода;Мода • паблик #602
-10000602;ЗОЖ;ЗОЖ • паблик #603
-10000603;Путешествия;Путешествия • паблик #604
-10000604;Бизнес;Бизнес • паблик #605
-10000605;Мода;Мода • паблик #606
-10000606;Политика;Политика • паблик #607
-10000607;Финансы;Финансы • паблик #608
-10000608;Образование;Образование • паблик #609
-10000609;Финансы;Финансы • паблик #610
-10000610;Игры;Игры • паблик #611
-10000611;Авто;Авто • паблик #612
-10000612;Кино;Кино • паблик #613
-10000613;Книги;Книги • паблик #614
-10000614;Психология;Психология • паблик #615
-10000615;Политика;Политика • паблик #616
-10000616;Финансы;Финансы • паблик #617
-10000617;Искусство;Искусство • паблик #618
-10000618;Искусство;Искусство • паблик #619
-10000619;Политика;Политика • паблик #620
-10000620;Юмор;Юмор • паблик #621
-10000621;Бизнес;Бизнес • паблик #622
-10000622;Кино;Кино • паблик #623
-10000623;Авто;Авто • паблик #624
-10000624;Игры;Игры • паблик #625
-10000625;Новости;Новости • паблик #626
-10000626;Путешествия;Путешествия • паблик #627
-10000627;Финансы;Финансы • паблик #628
-10000628;Образование;Образование • паблик #629
-10000629;Спорт;Спорт • паблик #630
-10000630;Авто;Авто • паблик #631
-10000631;Образование;Образование • паблик #632
-10000632;Образование;Образование • паблик #633
-10000633;Финансы;Финансы • паблик #634
-10000634;Путешествия;Путешествия • паблик #635
-10000635;Бизнес;Бизнес • паблик #636
-10000636;Путешествия;Путешествия • паблик #637
-10000637;Юмор;Юмор • паблик #638
-10000638;Мода;Мода • паблик #639
-10000639;Политика;Политика • паблик #640
-10000640;Психология;Психология • паблик #641
-10000641;Новости;Новости • паблик #642
-10000642;IT;IT • паблик #643
-10000643;ЗОЖ;ЗОЖ • паблик #644
-10000644;Юмор;Юмор • паблик #645
-10000645;Новости;Новости • паблик #646
-10000646;Политика;Политика • паблик #647
-10000647;ЗОЖ;ЗОЖ • паблик #648
-10000648;Спорт;Спорт • паблик #649
-10000649;Политика;Политика • паблик #650
-10000650;Книги;Книги • паблик #651
-10000651;Кино;Кино • паблик #652
-10000652;ЗОЖ;ЗОЖ • паблик #653
-10000653;Кино;Кино • паблик #654
-10000654;Мода;Мода • паблик #655
-10000655;Музыка;Музыка • паблик #656
-10000656;Искусство;Искусство • паблик #657
-10000657;Спорт;Спорт • паблик #658
-10000658;Авто;Авто • паблик #659
-10000659;Путешествия;Путешествия • паблик #660
-10000660;IT;IT • паблик #661
-10000661;Игры;Игры • паблик #662
-10000662;Книги;Книги • паблик #663
-10000663;Книги;Книги • паблик #664
-10000664;Музыка;Музыка • паблик #665
-10000665;Игры;Игры • паблик #666
-10000666;Наука;Наука • паблик #667
-10000667;Музыка;Музыка • паблик #668
-10000668;Искусство;Искусство • паблик #669
-10000669;Политика;Политика • паблик #670
-10000670;Наука;Наука • паблик #671
-10000671;Искусство;Искусство • паблик #672
-10000672;Финансы;Финансы • паблик #673
-10000673;Финансы;Финансы • паблик #674
-10000674;Спорт;Спорт • паблик #675
-10000675;Юмор;Юмор • паблик #676
-10000676;Искусство;Искусство • паблик #677
-10000677;ЗОЖ;ЗОЖ • паблик #678
-10000678;Музыка;Музыка • паблик #679
-10000679;Наука;Наука • паблик #680
-10000680;Книги;Книги • паблик #681
-10000681;Музыка;Музыка • паблик #682
-10000682;Искусство;Искусство • паблик #683
-10000683;Новости;Новости • паблик #684
-10000684;IT;IT • паблик #685
-10000685;Психология;Психология • паблик #686
-10000686;Бизнес;Бизнес • паблик #687
-10000687;IT;IT • паблик #688
-10000688;Юмор;Юмор • паблик #689
-10000689;Кулинария;Кулинария • паблик #690
-10000690;Образование;Образование • паблик #691
-10000691;Политика;Политика • паблик #692
-10000692;Бизнес;Бизнес • паблик #693
-10000693;Мода;Мода • паблик #694
-10000694;Музыка;Музыка • паблик #695
-10000695;Бизнес;Бизнес • паблик #696
-10000696;IT;IT • паблик #697
-10000697;Авто;Авто • паблик #698
-10000698;Кино;Кино • паблик #699
-10000699;Бизнес;Бизнес • паблик #700
-10000700;Игры;Игры • паблик #701
-10000701;Кулинария;Кулинария • паблик #702
-10000702;Путешествия;Путешествия • паблик #703
-10000703;Книги;Книги • паблик #704
-10000704;Психология;Психология • паблик #705
-10000705;Мода;Мода • паблик #706
-10000706;Авто;Авто • паблик #707
-10000707;Бизнес;Бизнес • паблик #708
-10000708;Искусство;Искусство • паблик #709
-10000709;Путешествия;Путешествия • паблик #710
-10000710;Образование;Образование • паблик #711
-10000711;ЗОЖ;ЗОЖ • паблик #712
-10000712;Юмор;Юмор • паблик #713
-10000713;Путешествия;Путешествия • паблик #714
-10000714;Авто;Авто • паблик #715
-10000715;ЗОЖ;ЗОЖ • паблик #716
-10000716;Авто;Авто • паблик #717
-10000717;Искусство;Искусство • паблик #718
-10000718;Книги;Книги • паблик #719
-10000719;Финансы;Финансы • паблик #720
-10000720;Образование;Образование • паблик #721
-10000721;Политика;Политика • паблик #722
-10000722;Мода;Мода • паблик #723
-10000723;Образование;Образование • паблик #724
-10000724;Игры;Игры • паблик #725
-10000725;Мода;Мода • паблик #726
-10000726;Спорт;Спорт • паблик #727
-10000727;IT;IT • паблик #728
-10000728;Путешествия;Путешествия • паблик #729
-10000729;Образование;Образование • паблик #730
-10000730;Путешествия;Путешествия • паблик #731
-10000731;Книги;Книги • паблик #732
-10000732;Путешествия;Путешествия • паблик #733
-10000733;Психология;Психология • паблик #734
-10000734;Политика;Политика • паблик #735
-10000735;Кулинария;Кулинария • паблик #736
-10000736;Спорт;Спорт • паблик #737
-10000737;Юмор;Юмор • паблик #738
-10000738;ЗОЖ;ЗОЖ • паблик #739
-10000739;Бизнес;Бизнес • паблик #740
-10000740;Мода;Мода • паблик #741
-10000741;Психология;Психология • паблик #742
-10000742;ЗОЖ;ЗОЖ • паблик #743
-10000743;Мода;Мода • паблик #744
-10000744;Мода;Мода • паблик #745
-10000745;Авто;Авто • паблик #746
-10000746;Политика;Политика • паблик #747
-10000747;Юмор;Юмор • паблик #748
-10000748;Наука;Наука • паблик #749
-10000749;ЗОЖ;ЗОЖ • паблик #750
-10000750;Финансы;Финансы • паблик #751
-10000751;ЗОЖ;ЗОЖ • паблик #752
-10000752;Наука;Наука • паблик #753
-10000753;Искусство;Искусство • паблик #754
-10000754;IT;IT • паблик #755
-10000755;Мода;Мода • паблик #756
-10000756;Психология;Психология • паблик #757
-10000757;Кулинария;Кулинария • паблик #758
-10000758;IT;IT • паблик #759
-10000759;Бизнес;Бизнес • паблик #760
-10000760;Психология;Психология • паблик #761
-10000761;Образование;Образование • паблик #762
-10000762;IT;IT • паблик #763
-10000763;Авто;Авто • паблик #764
-10000764;Путешествия;Путешествия • паблик #765
-10000765;Наука;Наука • паблик #766
-10000766;Путешествия;Путешествия • паблик #767
-10000767;ЗОЖ;ЗОЖ • паблик #768
-10000768;Музыка;Музыка • паблик #769
-10000769;Спорт;Спорт • паблик #770
-10000770;Образование;Образование • паблик #771
-10000771;Музыка;Музыка • паблик #772
-10000772;Психология;Психология • паблик #773
-10000773;Игры;Игры • паблик #774
-10000774;Спорт;Спорт • паблик #775
-10000775;Спорт;Спорт • паблик #776
-10000776;Мода;Мода • паблик #777
-10000777;Путешествия;Путешествия • паблик #778
-10000778;Искусство;Искусство • паблик #779
-10000779;Кулинария;Кулинария • паблик #780
-10000780;Книги;Книги • паблик #781
-10000781;Наука;Наука • паблик #782
-10000782;Музыка;Музыка • паблик #783
-10000783;Спорт;Спорт • паблик #784
-10000784;Наука;Наука • паблик #785
-10000785;ЗОЖ;ЗОЖ • паблик #786
-10000786;IT;IT • паблик #787
-10000787;Игры;Игры • паблик #788
-10000788;Наука;Наука • паблик #789
-10000789;Политика;Политика • паблик #790
-10000790;Психология;Психология • паблик #791
-10000791;Кино;Кино • паблик #792
-10000792;Путешествия;Путешествия • паблик #793
-10000793;Новости;Новости • паблик #794
-10000794;Новости;Новости • паблик #795
-10000795;Психология;Психология • паблик #796
-10000796;Наука;Наука • паблик #797
-10000797;Кино;Кино • паблик #798
-10000798;Мода;Мода • паблик #799
-10000799;Музыка;Музыка • паблик #800
-10000800;Политика;Политика • паблик #801
-10000801;Искусство;Искусство • паблик #802
-10000802;Наука;Наука • паблик #803
-10000803;Мода;Мода • паблик #804
-10000804;Мода;Мода • паблик #805
-10000805;Авто;Авто • паблик #806
-10000806;Образование;Образование • паблик #807
-10000807;Игры;Игры • паблик #808
-10000808;Новости;Новости • паблик #809
-10000809;Путешествия;Путешествия • паблик #810
-10000810;Мода;Мода • паблик #811
-10000811;Музыка;Музыка • паблик #812
-10000812;Юмор;Юмор • паблик #813
-10000813;Финансы;Финансы • паблик #814
-10000814;Мода;Мода • паблик #815
-10000815;Юмор;Юмор • паблик #816
-10000816;Искусство;Искусство • паблик #817
-10000817;Новости;Новости • паблик #818
-10000818;Кино;Кино • паблик #819
-10000819;Кино;Кино • паблик #820
-10000820;Искусство;Искусство • паблик #821
-10000821;Наука;Наука • паблик #822
-10000822;Юмор;Юмор • паблик #823
-10000823;ЗОЖ;ЗОЖ • паблик #824
-10000824;Музыка;Музыка • паблик #825
-10000825;Психология;Психология • паблик #826
-10000826;Бизнес;Бизнес • паблик #827
-10000827;Книги;Книги • паблик #828
-10000828;Книги;Книги • паблик #829
-10000829;Книги;Книги • паблик #830
-10000830;ЗОЖ;ЗОЖ • паблик #831
-10000831;Кулинария;Кулинария • паблик #832
-10000832;Финансы;Финансы • паблик #833
-10000833;Авто;Авто • паблик #834
-10000834;Авто;Авто • паблик #835
-10000835;Наука;Наука • паблик #836
-10000836;Искусство;Искусство • паблик #837
-10000837;Бизнес;Бизнес • паблик #838
-10000838;Наука;Наука • паблик #839
-10000839;Искусство;Искусство • паблик #840
-10000840;Книги;Книги • паблик #841
-10000841;Новости;Новости • паблик #842
-10000842;Книги;Книги • паблик #843
-10000843;Музыка;Музыка • паблик #844
-10000844;Спорт;Спорт • паблик #845
-10000845;Спорт;Спорт • паблик #846
-10000846;Путешествия;Путешествия • паблик #847
-10000847;Юмор;Юмор • паблик #848
-10000848;Игры;Игры • паблик #849
-10000849;ЗОЖ;ЗОЖ • паблик #850
-10000850;Игры;Игры • паблик #851
-10000851;Психология;Психология • паблик #852
-10000852;Юмор;Юмор • паблик #853
-10000853;Игры;Игры • паблик #854
-10000854;Политика;Политика • паблик #855
-10000855;Бизнес;Бизнес • паблик #856
-10000856;Авто;Авто • паблик #857
-10000857;Книги;Книги • паблик #858
-10000858;Мода;Мода • паблик #859
-10000859;Наука;Наука • паблик #860
-10000860;Новости;Новости • паблик #861
-10000861;ЗОЖ;ЗОЖ • паблик #862
-10000862;Наука;Наука • паблик #863
-10000863;Наука;Наука • паблик #864
-10000864;Авто;Авто • паблик #865
-10000865;Юмор;Юмор • паблик #866
-10000866;ЗОЖ;ЗОЖ • паблик #867
-10000867;Путешествия;Путешествия • паблик #868
-10000868;Искусство;Искусство • паблик #869
-10000869;Спорт;Спорт • паблик #870
-10000870;Бизнес;Бизнес • паблик #871
-10000871;Музыка;Музыка • паблик #872
-10000872;Психология;Психология • паблик #873
-10000873;ЗОЖ;ЗОЖ • паблик #874
-10000874;Кино;Кино • паблик #875
-10000875;Путешествия;Путешествия • паблик #876
-10000876;Кино;Кино • паблик #877
-10000877;Юмор;Юмор • паблик #878
-10000878;Новости;Новости • паблик #879
-10000879;Игры;Игры • паблик #880
-10000880;Наука;Наука • паблик #881
-10000881;Книги;Книги • паблик #882
-10000882;Искусство;Искусство • паблик #883
-10000883;Наука;Наука • паблик #884
-10000884;Авто;Авто • паблик #885
-10000885;Музыка;Музыка • паблик #886
-10000886;Авто;Авто • паблик #887
-10000887;Наука;Наука • паблик #888
-10000888;Финансы;Финансы • паблик #889
-10000889;Путешествия;Путешествия • паблик #890
-10000890;Кулинария;Кулинария • паблик #891
-10000891;Психология;Психология • паблик #892
-10000892;Мода;Мода • паблик #893
-10000893;Авто;Авто • паблик #894
-10000894;Юмор;Юмор • паблик #895
-10000895;Книги;Книги • паблик #896
-10000896;Новости;Новости • паблик #897
-10000897;Бизнес;Бизнес • паблик #898
-10000898;Образование;Образование • паблик #899
-10000899;Книги;Книги • паблик #900
-10000900;Путешествия;Путешествия • паблик #901
-10000901;Политика;Политика • паблик #902
-10000902;Юмор;Юмор • паблик #903
-10000903;ЗОЖ;ЗОЖ • паблик #904
-10000904;Искусство;Искусство • паблик #905
-10000905;Искусство;Искусство • паблик #906
-10000906;Политика;Политика • паблик #907
-10000907;Путешествия;Путешествия • паблик #908
-10000908;Искусство;Искусство • паблик #909
-10000909;Новости;Новости • паблик #910
-10000910;Игры;Игры • паблик #911
-10000911;Мода;Мода • паблик #912
-10000912;Кулинария;Кулинария • паблик #913
-10000913;Авто;Авто • паблик #914
-10000914;Путешествия;Путешествия • паблик #915
-10000915;Игры;Игры • паблик #916
-10000916;Искусство;Искусство • паблик #917
-10000917;Бизнес;Бизнес • паблик #918
-10000918;Мода;Мода • паблик #919
-10000919;Юмор;Юмор • паблик #920
-10000920;Мода;Мода • паблик #921
-10000921;IT;IT • паблик #922
-10000922;Бизнес;Бизнес • паблик #923
-10000923;Образование;Образование • паблик #924
-10000924;Образование;Образование • паблик #925
-10000925;Музыка;Музыка • паблик #926
-10000926;Игры;Игры • паблик #927
-10000927;Образование;Образование • паблик #928
-10000928;Бизнес;Бизнес • паблик #929
-10000929;Мода;Мода • паблик #930
-10000930;Наука;Наука • паблик #931
-10000931;Финансы;Финансы • паблик #932
-10000932;Психология;Психология • паблик #933
-10000933;Новости;Новости • паблик #934
-10000934;Авто;Авто • паблик #935
-10000935;Юмор;Юмор • паблик #936
-10000936;Образование;Образование • паблик #937
-10000937;Путешествия;Путешествия • паблик #938
-10000938;Образование;Образование • паблик #939
-10000939;Музыка;Музыка • паблик #940
-10000940;Финансы;Финансы • паблик #941
-10000941;Кулинария;Кулинария • паблик #942
-10000942;Политика;Политика • паблик #943
-10000943;Психология;Психология • паблик #944
-10000944;Авто;Авто • паблик #945
-10000945;Бизнес;Бизнес • паблик #946
-10000946;Новости;Новости • паблик #947
-10000947;Спорт;Спорт • паблик #948
-10000948;Кулинария;Кулинария • паблик #949
-10000949;IT;IT • паблик #950
-10000950;Книги;Книги • паблик #951
-10000951;Мода;Мода • паблик #952
-10000952;Авто;Авто • паблик #953
-10000953;Новости;Новости • паблик #954
-10000954;Спорт;Спорт • паблик #955
-10000955;Путешествия;Путешествия • паблик #956
-10000956;Психология;Психология • паблик #957
-10000957;Кино;Кино • паблик #958
-10000958;Наука;Наука • паблик #959
-10000959;Авто;Авто • паблик #960
-10000960;Мода;Мода • паблик #961
-10000961;Музыка;Музыка • паблик #962
-10000962;Политика;Политика • паблик #963
-10000963;Книги;Книги • паблик #964
-10000964;ЗОЖ;ЗОЖ • паблик #965
-10000965;Игры;Игры • паблик #966
-10000966;Наука;Наука • паблик #967
-10000967;Психология;Психология • паблик #968
-10000968;Политика;Политика • паблик #969
-10000969;Психология;Психология • паблик #970
-10000970;Бизнес;Бизнес • паблик #971
-10000971;Юмор;Юмор • паблик #972
-10000972;ЗОЖ;ЗОЖ • паблик #973
-10000973;Музыка;Музыка • паблик #974
-10000974;Авто;Авто • паблик #975
-10000975;Музыка;Музыка • паблик #976
-10000976;Кино;Кино • паблик #977
-10000977;Мода;Мода • паблик #978
-10000978;Наука;Наука • паблик #979
-10000979;Кулинария;Кулинария • паблик #980
-10000980;Путешествия;Путешествия • паблик #981
-10000981;Бизнес;Бизнес • паблик #982
-10000982;Мода;Мода • паблик #983
-10000983;Мода;Мода • паблик #984
-10000984;ЗОЖ;ЗОЖ • паблик #985
-10000985;Авто;Авто • паблик #986
-10000986;Психология;Психология • паблик #987
-10000987;Кино;Кино • паблик #988
-10000988;Финансы;Финансы • паблик #989
-10000989;Спорт;Спорт • паблик #990
-10000990;Книги;Книги • паблик #991
-10000991;Кулинария;Кулинария • паблик #992
-10000992;Кино;Кино • паблик #993
-10000993;Юмор;Юмор • паблик #994
-10000994;Путешествия;Путешествия • паблик #995
-10000995;Бизнес;Бизнес • паблик #996
-10000996;Образование;Образование • паблик #997
-10000997;Кулинария;Кулинария • паблик #998
-10000998;Путешествия;Путешествия • паблик #999
-10000999;Политика;Политика • паблик #1000
-10001000;Наука;Наука • паблик #1001
-10001001;Наука;Наука • паблик #1002
-10001002;Искусство;Искусство • паблик #1003
-10001003;Искусство;Искусство • паблик #1004
-10001004;Мода;Мода • паблик #1005
-10001005;Кино;Кино • паблик #1006
-10001006;Авто;Авто • паблик #1007
-10001007;Психология;Психология • паблик #1008
-10001008;Мода;Мода • паблик #1009
-10001009;IT;IT • паблик #1010
-10001010;Образование;Образование • паблик #1011
-10001011;Психология;Психология • паблик #1012
-10001012;Психология;Психология • паблик #1013
-10001013;Финансы;Финансы • паблик #1014
-10001014;Авто;Авто • паблик #1015
-10001015;Образование;Образование • паблик #1016
-10001016;Спорт;Спорт • паблик #1017
-10001017;ЗОЖ;ЗОЖ • паблик #1018
-10001018;Искусство;Искусство • паблик #1019
-10001019;Финансы;Финансы • паблик #1020
-10001020;ЗОЖ;ЗОЖ • паблик #1021
-10001021;Бизнес;Бизнес • паблик #1022
-10001022;Новости;Новости • паблик #1023
-10001023;Образование;Образование • паблик #1024
-10001024;Мода;Мода • паблик #1025
-10001025;Финансы;Финансы • паблик #1026
-10001026;Финансы;Финансы • паблик #1027
-10001027;Кино;Кино • паблик #1028
-10001028;Мода;Мода • паблик #1029
-10001029;Новости;Новости • паблик #1030
-10001030;Кино;Кино • паблик #1031
-10001031;Кулинария;Кулинария • паблик #1032
-10001032;Искусство;Искусство • паблик #1033
-10001033;Образование;Образование • паблик #1034
-10001034;Музыка;Музыка • паблик #1035
-10001035;Авто;Авто • паблик #1036
-10001036;Музыка;Музыка • паблик #1037
-10001037;Кулинария;Кулинария • паблик #1038
-10001038;Авто;Авто • паблик #1039
-10001039;Политика;Политика • паблик #1040
-10001040;Кино;Кино • паблик #1041
-10001041;Бизнес;Бизнес • паблик #1042
-10001042;Кино;Кино • паблик #1043
-10001043;Юмор;Юмор • паблик #1044
-10001044;Мода;Мода • паблик #1045
-10001045;Путешествия;Путешествия • паблик #1046
-10001046;Образование;Образование • паблик #1047
-10001047;Книги;Книги • паблик #1048
-10001048;Финансы;Финансы • паблик #1049
-10001049;Юмор;Юмор • паблик #1050
-10001050;Образование;Образование • паблик #1051
-10001051;Психология;Психология • паблик #1052
-10001052;Финансы;Финансы • паблик #1053
-10001053;Образование;Образование • паблик #1054
-10001054;Мода;Мода • паблик #1055
-10001055;Психология;Психология • паблик #1056
-10001056;Новости;Новости • паблик #1057
-10001057;Книги;Книги • паблик #1058
-10001058;Юмор;Юмор • паблик #1059
-10001059;ЗОЖ;ЗОЖ • паблик #1060
-10001060;Наука;Наука • паблик #1061
-10001061;ЗОЖ;ЗОЖ • паблик #1062
-10001062;Юмор;Юмор • паблик #1063
-10001063;Бизнес;Бизнес • паблик #1064
-10001064;Музыка;Музыка • паблик #1065
-10001065;Музыка;Музыка • паблик #1066
-10001066;Авто;Авто • паблик #1067
-10001067;Игры;Игры • паблик #1068
-10001068;Наука;Наука • паблик #1069
-10001069;Политика;Политика • паблик #1070
-10001070;Новости;Новости • паблик #1071
-10001071;Образование;Образование • паблик #1072
-10001072;Новости;Новости • паблик #1073
-10001073;Наука;Наука • паблик #1074
-10001074;IT;IT • паблик #1075
-10001075;IT;IT • паблик #1076
-10001076;Бизнес;Бизнес • паблик #1077
-10001077;Кино;Кино • паблик #1078
-10001078;ЗОЖ;ЗОЖ • паблик #1079
-10001079;Кулинария;Кулинария • паблик #1080
-10001080;Бизнес;Бизнес • паблик #1081
-10001081;Искусство;Искусство • паблик #1082
-10001082;Игры;Игры • паблик #1083
-10001083;Игры;Игры • паблик #1084
-10001084;Игры;Игры • паблик #1085
-10001085;Юмор;Юмор • паблик #1086
-10001086;Книги;Книги • паблик #1087
-10001087;Финансы;Финансы • паблик #1088
-10001088;Книги;Книги • паблик #1089
-10001089;ЗОЖ;ЗОЖ • паблик #1090
-10001090;Мода;Мода • паблик #1091
-10001091;Искусство;Искусство • паблик #1092
-10001092;Кино;Кино • паблик #1093
-10001093;ЗОЖ;ЗОЖ • паблик #1094
-10001094;Авто;Авто • паблик #1095
-10001095;Путешествия;Путешествия • паблик #1096
-10001096;Авто;Авто • паблик #1097
-10001097;Путешествия;Путешествия • паблик #1098
-10001098;Политика;Политика • паблик #1099
-10001099;Авто;Авто • паблик #1100
-10001100;Наука;Наука • паблик #1101
-10001101;Психология;Психология • паблик #1102
-10001102;Игры;Игры • паблик #1103
-10001103;Юмор;Юмор • паблик #1104
-10001104;Авто;Авто • паблик #1105
-10001105;IT;IT • паблик #1106
-10001106;Искусство;Искусство • паблик #1107
-10001107;Наука;Наука • паблик #1108
-10001108;Бизнес;Бизнес • паблик #1109
-10001109;Путешествия;Путешествия • паблик #1110
-10001110;Авто;Авто • паблик #1111
-10001111;Наука;Наука • паблик #1112
-10001112;Спорт;Спорт • паблик #1113
-10001113;Финансы;Финансы • паблик #1114
-10001114;Мода;Мода • паблик #1115
-10001115;Музыка;Музыка • паблик #1116
-10001116;ЗОЖ;ЗОЖ • паблик #1117
-10001117;Финансы;Финансы • паблик #1118
-10001118;Искусство;Искусство • паблик #1119
-10001119;IT;IT • паблик #1120
-10001120;Искусство;Искусство • паблик #1121
-10001121;Наука;Наука • паблик #1122
-10001122;Наука;Наука • паблик #1123
-10001123;Политика;Политика • паблик #1124
-10001124;Финансы;Финансы • паблик #1125
-10001125;Путешествия;Путешествия • паблик #1126
-10001126;Политика;Политика • паблик #1127
-10001127;Искусство;Искусство • паблик #1128
-10001128;Новости;Новости • паблик #1129
-10001129;Книги;Книги • паблик #1130
-10001130;Мода;Мода • паблик #1131
-10001131;Наука;Наука • паблик #1132
-10001132;ЗОЖ;ЗОЖ • паблик #1133
-10001133;Книги;Книги • паблик #1134
-10001134;IT;IT • паблик #1135
-10001135;ЗОЖ;ЗОЖ • паблик #1136
-10001136;Спорт;Спорт • паблик #1137
-10001137;Книги;Книги • паблик #1138
-10001138;Путешествия;Путешествия • паблик #1139
-10001139;Кино;Кино • паблик #1140
-10001140;Музыка;Музыка • паблик #1141
-10001141;Новости;Новости • паблик #1142
-10001142;Наука;Наука • паблик #1143
-10001143;Авто;Авто • паблик #1144
-10001144;Новости;Новости • паблик #1145
-10001145;Искусство;Искусство • паблик #1146
-10001146;IT;IT • паблик #1147
-10001147;Кино;Кино • паблик #1148
-10001148;Юмор;Юмор • паблик #1149
-10001149;Наука;Наука • паблик #1150
-10001150;Образование;Образование • паблик #1151
-10001151;Бизнес;Бизнес • паблик #1152
-10001152;Игры;Игры • паблик #1153
-10001153;Спорт;Спорт • паблик #1154
-10001154;Кино;Кино • паблик #1155
-10001155;Психология;Психология • паблик #1156
-10001156;IT;IT • паблик #1157
-10001157;Кулинария;Кулинария • паблик #1158
-10001158;Кулинария;Кулинария • паблик #1159
-10001159;Путешествия;Путешествия • паблик #1160
-10001160;Игры;Игры • паблик #1161
-10001161;Путешествия;Путешествия • паблик #1162
-10001162;Мода;Мода • паблик #1163
-10001163;Наука;Наука • паблик #1164
-10001164;Образование;Образование • паблик #1165
-10001165;Музыка;Музыка • паблик #1166
-10001166;Авто;Авто • паблик #1167
-10001167;Юмор;Юмор • паблик #1168
-10001168;Кино;Кино • паблик #1169
-10001169;ЗОЖ;ЗОЖ • паблик #1170
-10001170;Финансы;Финансы • паблик #1171
-10001171;Психология;Психология • паблик #1172
-10001172;IT;IT • паблик #1173
-10001173;Юмор;Юмор • паблик #1174
-10001174;Финансы;Финансы • паблик #1175
-10001175;Политика;Политика • паблик #1176
-10001176;Путешествия;Путешествия • паблик #1177
-10001177;Психология;Психология • паблик #1178
-10001178;Музыка;Музыка • паблик #1179
-10001179;Авто;Авто • паблик #1180
-10001180;IT;IT • паблик #1181
-10001181;Путешествия;Путешествия • паблик #1182
-10001182;Искусство;Искусство • паблик #1183
-10001183;Финансы;Финансы • паблик #1184
-10001184;IT;IT • паблик #1185
-10001185;Музыка;Музыка • паблик #1186
-10001186;ЗОЖ;ЗОЖ • паблик #1187
-10001187;Мода;Мода • паблик #1188
-10001188;Политика;Политика • паблик #1189
-10001189;Книги;Книги • паблик #1190
-10001190;Психология;Психология • паблик #1191
-10001191;Образование;Образование • паблик #1192
-10001192;Книги;Книги • паблик #1193
-10001193;ЗОЖ;ЗОЖ • паблик #1194
-10001194;Юмор;Юмор • паблик #1195
-10001195;Авто;Авто • паблик #1196
-10001196;Наука;Наука • паблик #1197
-10001197;Бизнес;Бизнес • паблик #1198
-10001198;Музыка;Музыка • паблик #1199
-10001199;Кино;Кино • паблик #1200
